lt,rt,lp,rp,lv,rv
7741214.0,7741072.0,50.61194,52.44394,223.0,238.0
